Timestamp,項目,日高點,日低點,盤高點,盤低點,盤平均,盤漲跌幅
2025-11-25 04:18:55,DDR5 16G (2Gx8) 4800/5600,36.00,18.50,36.00,18.50,26.167,▲ 1.55 %
2025-11-25 04:18:55,DDR5 16Gb (2Gx8) eTT,12.30,10.80,12.30,10.80,11.50,▲ 2.68 %
2025-11-25 04:18:55,DDR4 16Gb (2Gx8)3200,49.00,23.00,49.00,23.00,39.25,▲ 1.88 %
2025-11-25 04:18:55,DDR4 16Gb (2Gx8) eTT,10.30,8.20,10.30,8.20,8.825,▲ 2.02 %
2025-11-25 04:18:55,DDR4 8Gb (1Gx8) 3200,20.00,8.75,20.00,8.75,14.486,▲ 2.38 %
2025-11-25 04:18:55,DDR4 8Gb (1Gx8) eTT,4.85,4.10,4.85,4.10,4.529,▲ 1.78 %
2025-11-25 04:18:55,DDR3 4Gb 512Mx8 1600/1866,4.20,2.80,4.20,2.80,3.581,— 0.00 %
2025-11-25 06:28:04,DDR5 16G (2Gx8) 4800/5600,36.00,18.50,36.00,18.50,26.167,▲ 1.55 %
2025-11-25 06:28:04,DDR5 16Gb (2Gx8) eTT,12.30,10.80,12.30,10.80,11.50,▲ 2.68 %
2025-11-25 06:28:04,DDR4 16Gb (2Gx8)3200,49.00,23.00,49.00,23.00,39.25,▲ 1.88 %
2025-11-25 06:28:04,DDR4 16Gb (2Gx8) eTT,10.30,8.20,10.30,8.20,8.825,▲ 2.02 %
2025-11-25 06:28:04,DDR4 8Gb (1Gx8) 3200,20.00,8.75,20.00,8.75,14.486,▲ 2.38 %
2025-11-25 06:28:04,DDR4 8Gb (1Gx8) eTT,4.85,4.10,4.85,4.10,4.529,▲ 1.78 %
2025-11-25 06:28:04,DDR3 4Gb 512Mx8 1600/1866,4.20,2.80,4.20,2.80,3.581,— 0.00 %
2025-11-25 10:21:27,DDR5 16G (2Gx8) 4800/5600,36.50,18.50,36.50,18.50,26.167,▲ 1.55 %
2025-11-25 10:21:27,DDR5 16Gb (2Gx8) eTT,12.30,10.80,12.30,10.80,11.50,▲ 2.68 %
2025-11-25 10:21:27,DDR4 16Gb (2Gx8)3200,49.00,23.00,49.00,23.00,39.375,▲ 2.21 %
2025-11-25 10:21:27,DDR4 16Gb (2Gx8) eTT,10.30,8.20,10.30,8.20,8.825,▲ 2.02 %
2025-11-25 10:21:27,DDR4 8Gb (1Gx8) 3200,20.00,8.75,20.00,8.75,14.529,▲ 2.68 %
2025-11-25 10:21:27,DDR4 8Gb (1Gx8) eTT,4.85,4.10,4.85,4.10,4.529,▲ 1.78 %
2025-11-25 10:21:27,DDR3 4Gb 512Mx8 1600/1866,4.20,2.80,4.20,2.80,3.581,— 0.00 %
2025-11-25 14:18:14,DDR5 16G (2Gx8) 4800/5600,36.50,18.50,36.50,18.50,26.167,▲ 1.55 %
2025-11-25 14:18:14,DDR5 16Gb (2Gx8) eTT,12.30,10.80,12.30,10.80,11.50,▲ 2.68 %
2025-11-25 14:18:14,DDR4 16Gb (2Gx8)3200,49.00,23.00,49.00,23.00,39.375,▲ 2.21 %
2025-11-25 14:18:14,DDR4 16Gb (2Gx8) eTT,10.30,8.20,10.30,8.20,8.825,▲ 2.02 %
2025-11-25 14:18:14,DDR4 8Gb (1Gx8) 3200,20.00,8.75,20.00,8.75,14.529,▲ 2.68 %
2025-11-25 14:18:14,DDR4 8Gb (1Gx8) eTT,4.85,4.10,4.85,4.10,4.529,▲ 1.78 %
2025-11-25 14:18:14,DDR3 4Gb 512Mx8 1600/1866,4.20,2.80,4.20,2.80,3.581,— 0.00 %
2025-11-25 18:27:24,DDR5 16G (2Gx8) 4800/5600,36.50,18.50,36.50,18.50,26.167,▲ 1.55 %
2025-11-25 18:27:24,DDR5 16Gb (2Gx8) eTT,12.30,10.80,12.30,10.80,11.50,▲ 2.68 %
2025-11-25 18:27:24,DDR4 16Gb (2Gx8)3200,49.00,23.00,49.00,23.00,39.375,▲ 2.21 %
2025-11-25 18:27:24,DDR4 16Gb (2Gx8) eTT,10.30,8.20,10.30,8.20,8.825,▲ 2.02 %
2025-11-25 18:27:24,DDR4 8Gb (1Gx8) 3200,20.00,8.75,20.00,8.75,14.529,▲ 2.68 %
2025-11-25 18:27:24,DDR4 8Gb (1Gx8) eTT,4.85,4.10,4.85,4.10,4.529,▲ 1.78 %
2025-11-25 18:27:24,DDR3 4Gb 512Mx8 1600/1866,4.20,2.80,4.20,2.80,3.581,— 0.00 %
2025-11-25 22:17:29,DDR5 16G (2Gx8) 4800/5600,36.50,18.50,36.50,18.50,26.167,▲ 1.55 %
2025-11-25 22:17:29,DDR5 16Gb (2Gx8) eTT,12.30,10.80,12.30,10.80,11.50,▲ 2.68 %
2025-11-25 22:17:29,DDR4 16Gb (2Gx8)3200,49.00,23.00,49.00,23.00,39.375,▲ 2.21 %
2025-11-25 22:17:29,DDR4 16Gb (2Gx8) eTT,10.30,8.20,10.30,8.20,8.825,▲ 2.02 %
2025-11-25 22:17:29,DDR4 8Gb (1Gx8) 3200,20.00,8.75,20.00,8.75,14.529,▲ 2.68 %
2025-11-25 22:17:29,DDR4 8Gb (1Gx8) eTT,4.85,4.10,4.85,4.10,4.529,▲ 1.78 %
2025-11-25 22:17:29,DDR3 4Gb 512Mx8 1600/1866,4.20,2.80,4.20,2.80,3.581,— 0.00 %
2025-11-26 06:27:59,DDR5 16G (2Gx8) 4800/5600,36.50,18.50,36.50,18.50,26.167,— 0.00 %
2025-11-26 06:27:59,DDR5 16Gb (2Gx8) eTT,12.60,11.00,12.60,11.00,11.80,▲ 2.61 %
2025-11-26 06:27:59,DDR4 16Gb (2Gx8)3200,49.00,23.00,49.00,23.00,40.25,▲ 2.22 %
2025-11-26 06:27:59,DDR4 16Gb (2Gx8) eTT,10.60,8.20,10.60,8.20,9.025,▲ 2.27 %
2025-11-26 06:27:59,DDR4 8Gb (1Gx8) 3200,21.50,8.75,21.50,8.75,14.914,▲ 2.65 %
2025-11-26 06:27:59,DDR4 8Gb (1Gx8) eTT,4.90,4.20,4.90,4.20,4.592,▲ 1.39 %
2025-11-26 06:27:59,DDR3 4Gb 512Mx8 1600/1866,4.20,2.80,4.20,2.80,3.581,— 0.00 %
2025-11-26 08:15:11,DDR5 16G (2Gx8) 4800/5600,37.00,18.50,37.00,19.00,26.833,▲ 2.55 %
2025-11-26 08:15:11,DDR5 16Gb (2Gx8) eTT,12.60,11.00,12.60,11.00,11.82,▲ 2.78 %
2025-11-26 08:15:11,DDR4 16Gb (2Gx8)3200,49.00,23.00,49.00,23.50,40.75,▲ 3.49 %
2025-11-26 08:15:11,DDR4 16Gb (2Gx8) eTT,10.60,8.20,10.60,8.20,9.075,▲ 2.83 %
2025-11-26 08:15:11,DDR4 8Gb (1Gx8) 3200,21.50,8.75,21.50,8.75,14.914,▲ 2.65 %
2025-11-26 08:15:11,DDR4 8Gb (1Gx8) eTT,4.90,4.20,4.90,4.20,4.592,▲ 1.39 %
2025-11-26 08:15:11,DDR3 4Gb 512Mx8 1600/1866,4.20,2.80,4.20,2.80,3.581,— 0.00 %
2025-11-27 06:28:35,DDR5 16G (2Gx8) 4800/5600,37.00,19.00,37.00,19.00,27.50,▲ 2.49 %
2025-11-27 06:28:35,DDR5 16Gb (2Gx8) eTT,13.00,11.00,13.00,11.00,12.20,▲ 3.22 %
2025-11-27 06:28:35,DDR4 16Gb (2Gx8)3200,51.00,23.50,51.00,23.50,42.00,▲ 3.07 %
2025-11-27 06:28:35,DDR4 16Gb (2Gx8) eTT,10.80,8.50,10.80,8.50,9.30,▲ 2.48 %
2025-11-27 06:28:35,DDR4 8Gb (1Gx8) 3200,22.50,8.75,22.50,8.75,15.429,▲ 3.45 %
2025-11-27 06:28:35,DDR4 8Gb (1Gx8) eTT,4.90,4.25,4.90,4.25,4.631,▲ 0.85 %
2025-11-27 06:28:35,DDR3 4Gb 512Mx8 1600/1866,4.20,2.80,4.20,2.80,3.584,▲ 0.08 %
2025-11-27 10:20:41,DDR5 16G (2Gx8) 4800/5600,37.00,19.00,37.00,19.00,27.167,▲ 1.25 %
2025-11-27 10:20:41,DDR5 16Gb (2Gx8) eTT,13.00,11.00,13.00,11.00,12.20,▲ 3.22 %
2025-11-27 10:20:41,DDR4 16Gb (2Gx8)3200,51.00,23.50,51.00,23.50,42.00,▲ 3.07 %
2025-11-27 10:20:41,DDR4 16Gb (2Gx8) eTT,10.80,8.50,10.80,8.50,9.30,▲ 2.48 %
2025-11-27 10:20:41,DDR4 8Gb (1Gx8) 3200,22.50,8.75,22.50,8.75,15.429,▲ 3.45 %
2025-11-27 10:20:41,DDR4 8Gb (1Gx8) eTT,4.90,4.25,4.90,4.25,4.631,▲ 0.85 %
2025-11-27 10:20:41,DDR3 4Gb 512Mx8 1600/1866,4.20,2.80,4.20,2.80,3.584,▲ 0.08 %
2025-11-28 06:28:16,DDR5 16G (2Gx8) 4800/5600,37.00,19.00,37.00,19.00,27.167,— 0.00 %
2025-11-28 06:28:16,DDR5 16Gb (2Gx8) eTT,13.00,11.00,13.00,11.00,12.50,▲ 2.46 %
2025-11-28 06:28:16,DDR4 16Gb (2Gx8)3200,53.00,23.50,53.00,23.50,42.50,▲ 1.19 %
2025-11-28 06:28:16,DDR4 16Gb (2Gx8) eTT,10.80,8.50,10.80,8.50,9.40,▲ 1.08 %
2025-11-28 06:28:16,DDR4 8Gb (1Gx8) 3200,22.50,8.80,22.50,8.80,15.90,▲ 3.05 %
2025-11-28 06:28:16,DDR4 8Gb (1Gx8) eTT,5.00,4.35,5.00,4.35,4.692,▲ 1.32 %
2025-11-28 06:28:16,DDR3 4Gb 512Mx8 1600/1866,4.20,2.80,4.20,2.80,3.584,— 0.00 %
2025-12-01 06:29:57,DDR5 16G (2Gx8) 4800/5600,37.00,19.00,37.00,19.00,27.167,— 0.00 %
2025-12-01 06:29:57,DDR5 16Gb (2Gx8) eTT,13.00,11.00,13.00,11.00,12.50,— 0.00 %
2025-12-01 06:29:57,DDR4 16Gb (2Gx8)3200,55.00,23.50,55.00,23.50,43.50,▲ 2.35 %
2025-12-01 06:29:57,DDR4 16Gb (2Gx8) eTT,10.80,8.50,10.80,8.50,9.50,▲ 1.06 %
2025-12-01 06:29:57,DDR4 8Gb (1Gx8) 3200,22.50,9.00,22.50,9.00,16.207,▲ 1.93 %
2025-12-01 06:29:57,DDR4 8Gb (1Gx8) eTT,5.00,4.40,5.00,4.40,4.708,▲ 0.34 %
2025-12-01 06:29:57,DDR3 4Gb 512Mx8 1600/1866,4.20,2.80,4.20,2.80,3.584,— 0.00 %
2025-12-01 10:21:14,DDR5 16G (2Gx8) 4800/5600,37.00,19.00,37.00,19.00,27.20,▲ 0.12 %
2025-12-01 10:21:14,DDR5 16Gb (2Gx8) eTT,13.00,11.00,13.00,11.00,12.53,▲ 0.24 %
2025-12-01 10:21:14,DDR4 16Gb (2Gx8)3200,55.00,23.50,55.00,23.50,43.625,▲ 2.65 %
2025-12-01 10:21:14,DDR4 16Gb (2Gx8) eTT,10.80,8.50,10.80,8.50,9.50,▲ 1.06 %
2025-12-01 10:21:14,DDR4 8Gb (1Gx8) 3200,23.00,9.00,23.00,9.00,16.314,▲ 2.60 %
2025-12-01 10:21:14,DDR4 8Gb (1Gx8) eTT,5.00,4.40,5.00,4.40,4.708,▲ 0.34 %
2025-12-01 10:21:14,DDR3 4Gb 512Mx8 1600/1866,4.20,2.80,4.20,2.80,3.584,— 0.00 %
2025-12-02 06:29:17,DDR5 16G (2Gx8) 4800/5600,37.00,19.00,37.00,19.00,27.20,— 0.00 %
2025-12-02 06:29:17,DDR5 16Gb (2Gx8) eTT,13.00,11.00,13.00,11.00,12.53,— 0.00 %
2025-12-02 06:29:17,DDR4 16Gb (2Gx8)3200,55.00,23.50,55.00,23.50,44.55,▲ 2.12 %
2025-12-02 06:29:17,DDR4 16Gb (2Gx8) eTT,10.80,8.50,10.80,8.50,9.65,▲ 1.58 %
2025-12-02 06:29:17,DDR4 8Gb (1Gx8) 3200,23.00,9.00,23.00,9.00,16.65,▲ 2.06 %
2025-12-02 06:29:17,DDR4 8Gb (1Gx8) eTT,5.00,4.40,5.00,4.40,4.717,▲ 0.19 %
2025-12-02 06:29:17,DDR3 4Gb 512Mx8 1600/1866,4.20,2.80,4.20,2.80,3.584,— 0.00 %
2025-12-02 10:20:44,DDR5 16G (2Gx8) 4800/5600,37.00,19.00,37.00,19.00,27.20,— 0.00 %
2025-12-02 10:20:44,DDR5 16Gb (2Gx8) eTT,13.00,11.00,13.00,11.00,12.53,— 0.00 %
2025-12-02 10:20:44,DDR4 16Gb (2Gx8)3200,55.00,23.50,55.00,23.50,44.55,▲ 2.12 %
2025-12-02 10:20:44,DDR4 16Gb (2Gx8) eTT,10.80,8.50,10.80,8.50,9.65,▲ 1.58 %
2025-12-02 10:20:44,DDR4 8Gb (1Gx8) 3200,23.00,9.00,23.00,9.00,16.514,▲ 1.23 %
2025-12-02 10:20:44,DDR4 8Gb (1Gx8) eTT,5.00,4.40,5.00,4.40,4.717,▲ 0.19 %
2025-12-02 10:20:44,DDR3 4Gb 512Mx8 1600/1866,4.20,2.80,4.20,2.80,3.584,— 0.00 %
2025-12-03 06:28:41,DDR5 16G (2Gx8) 4800/5600,37.00,19.00,37.00,19.00,27.20,— 0.00 %
2025-12-03 06:28:41,DDR5 16Gb (2Gx8) eTT,13.00,11.00,13.00,11.00,12.53,— 0.00 %
2025-12-03 06:28:41,DDR4 16Gb (2Gx8)3200,56.00,24.00,56.00,24.00,45.50,▲ 2.13 %
2025-12-03 06:28:41,DDR4 16Gb (2Gx8) eTT,10.80,8.50,10.80,8.50,9.75,▲ 1.04 %
2025-12-03 06:28:41,DDR4 8Gb (1Gx8) 3200,24.00,9.00,24.00,9.00,16.729,▲ 1.30 %
2025-12-03 06:28:41,DDR4 8Gb (1Gx8) eTT,5.00,4.40,5.00,4.40,4.717,— 0.00 %
2025-12-03 06:28:41,DDR3 4Gb 512Mx8 1600/1866,4.20,2.80,4.20,2.80,3.584,— 0.00 %
2025-12-04 06:28:21,DDR5 16G (2Gx8) 4800/5600,36.00,19.00,36.00,19.00,27.20,— 0.00 %
2025-12-04 06:28:21,DDR5 16Gb (2Gx8) eTT,13.00,11.00,13.00,11.00,12.55,▲ 0.16 %
2025-12-04 06:28:21,DDR4 16Gb (2Gx8)3200,58.00,24.00,58.00,24.00,45.75,▲ 0.55 %
2025-12-04 06:28:21,DDR4 16Gb (2Gx8) eTT,10.80,8.50,10.80,8.50,9.75,— 0.00 %
2025-12-04 06:28:21,DDR4 8Gb (1Gx8) 3200,24.00,9.00,24.00,9.00,16.943,▲ 1.28 %
2025-12-04 06:28:21,DDR4 8Gb (1Gx8) eTT,5.00,4.40,5.00,4.40,4.717,— 0.00 %
2025-12-04 06:28:21,DDR3 4Gb 512Mx8 1600/1866,4.20,2.80,4.20,2.80,3.584,— 0.00 %
2025-12-04 10:21:34,DDR5 16G (2Gx8) 4800/5600,36.00,19.00,36.00,19.00,26.933,▼ -0.98 %
2025-12-04 10:21:34,DDR5 16Gb (2Gx8) eTT,13.00,11.00,13.00,11.00,12.55,▲ 0.16 %
2025-12-04 10:21:34,DDR4 16Gb (2Gx8)3200,58.00,24.00,58.00,24.00,45.75,▲ 0.55 %
2025-12-04 10:21:34,DDR4 16Gb (2Gx8) eTT,10.80,8.50,10.80,8.50,9.75,— 0.00 %
2025-12-04 10:21:34,DDR4 8Gb (1Gx8) 3200,24.00,9.00,24.00,9.00,16.943,▲ 1.28 %
2025-12-04 10:21:34,DDR4 8Gb (1Gx8) eTT,5.00,4.40,5.00,4.40,4.717,— 0.00 %
2025-12-04 10:21:34,DDR3 4Gb 512Mx8 1600/1866,4.20,2.80,4.20,2.80,3.584,— 0.00 %
2025-12-05 06:28:35,DDR5 16G (2Gx8) 4800/5600,36.00,19.50,36.00,19.50,26.833,▼ -0.37 %
2025-12-05 06:28:35,DDR5 16Gb (2Gx8) eTT,13.00,11.00,13.00,11.00,12.55,— 0.00 %
2025-12-05 06:28:35,DDR4 16Gb (2Gx8)3200,58.00,24.00,58.00,24.00,46.50,▲ 1.64 %
2025-12-05 06:28:35,DDR4 16Gb (2Gx8) eTT,11.00,8.50,11.00,8.50,9.85,▲ 1.03 %
2025-12-05 06:28:35,DDR4 8Gb (1Gx8) 3200,25.00,9.00,25.00,9.00,17.05,▲ 0.63 %
2025-12-05 06:28:35,DDR4 8Gb (1Gx8) eTT,5.00,4.40,5.00,4.40,4.717,— 0.00 %
2025-12-05 06:28:35,DDR3 4Gb 512Mx8 1600/1866,4.20,2.80,4.20,2.80,3.576,▼ -0.22 %
2025-12-05 10:20:01,DDR5 16G (2Gx8) 4800/5600,36.00,19.50,36.00,19.50,26.333,▼ -2.23 %
2025-12-05 10:20:01,DDR5 16Gb (2Gx8) eTT,13.00,11.00,13.00,11.00,12.55,— 0.00 %
2025-12-05 10:20:01,DDR4 16Gb (2Gx8)3200,58.00,24.00,58.00,24.00,46.50,▲ 1.64 %
2025-12-05 10:20:01,DDR4 16Gb (2Gx8) eTT,11.00,8.50,11.00,8.50,9.85,▲ 1.03 %
2025-12-05 10:20:01,DDR4 8Gb (1Gx8) 3200,25.00,9.00,25.00,9.00,17.05,▲ 0.63 %
2025-12-05 10:20:01,DDR4 8Gb (1Gx8) eTT,5.00,4.40,5.00,4.40,4.717,— 0.00 %
2025-12-05 10:20:01,DDR3 4Gb 512Mx8 1600/1866,4.20,2.80,4.20,2.80,3.576,▼ -0.22 %
2025-12-08 06:31:21,DDR5 16G (2Gx8) 4800/5600,36.00,19.50,36.00,19.50,26.333,— 0.00 %
2025-12-08 06:31:21,DDR5 16Gb (2Gx8) eTT,14.00,11.00,14.00,11.00,12.60,▲ 0.40 %
2025-12-08 06:31:21,DDR4 16Gb (2Gx8)3200,60.00,24.50,60.00,24.50,46.75,▲ 0.54 %
2025-12-08 06:31:21,DDR4 16Gb (2Gx8) eTT,11.00,8.60,11.00,8.60,9.90,▲ 0.51 %
2025-12-08 06:31:21,DDR4 8Gb (1Gx8) 3200,25.00,9.10,25.00,9.10,17.064,▲ 0.08 %
2025-12-08 06:31:21,DDR4 8Gb (1Gx8) eTT,5.05,4.40,5.05,4.40,4.717,— 0.00 %
2025-12-08 06:31:21,DDR3 4Gb 512Mx8 1600/1866,4.20,2.80,4.20,2.80,3.576,— 0.00 %
2025-12-08 10:21:01,DDR5 16G (2Gx8) 4800/5600,36.00,19.50,36.00,19.50,26.333,— 0.00 %
2025-12-08 10:21:01,DDR5 16Gb (2Gx8) eTT,14.00,11.00,14.00,11.00,12.60,▲ 0.40 %
2025-12-08 10:21:01,DDR4 16Gb (2Gx8)3200,60.00,24.50,60.00,24.50,46.875,▲ 0.81 %
2025-12-08 10:21:01,DDR4 16Gb (2Gx8) eTT,11.00,8.60,11.00,8.60,9.90,▲ 0.51 %
2025-12-08 10:21:01,DDR4 8Gb (1Gx8) 3200,25.00,9.10,25.00,9.10,17.064,▲ 0.08 %
2025-12-08 10:21:01,DDR4 8Gb (1Gx8) eTT,5.05,4.40,5.05,4.40,4.717,— 0.00 %
2025-12-08 10:21:01,DDR3 4Gb 512Mx8 1600/1866,4.20,2.80,4.20,2.80,3.576,— 0.00 %
2025-12-09 06:28:59,DDR5 16G (2Gx8) 4800/5600,36.00,19.50,36.00,19.50,26.333,— 0.00 %
2025-12-09 06:28:59,DDR5 16Gb (2Gx8) eTT,14.00,11.00,14.00,11.00,12.60,— 0.00 %
2025-12-09 06:28:59,DDR4 16Gb (2Gx8)3200,60.00,24.50,60.00,24.50,47.125,▲ 0.53 %
2025-12-09 06:28:59,DDR4 16Gb (2Gx8) eTT,11.00,8.60,11.00,8.60,9.90,— 0.00 %
2025-12-09 06:28:59,DDR4 8Gb (1Gx8) 3200,25.00,9.20,25.00,9.20,17.064,— 0.00 %
2025-12-09 06:28:59,DDR4 8Gb (1Gx8) eTT,5.05,4.40,5.05,4.40,4.717,— 0.00 %
2025-12-09 06:28:59,DDR3 4Gb 512Mx8 1600/1866,4.20,2.80,4.20,2.80,3.576,— 0.00 %
2025-12-09 10:21:37,DDR5 16G (2Gx8) 4800/5600,36.00,19.50,36.00,19.50,26.333,— 0.00 %
2025-12-09 10:21:37,DDR5 16Gb (2Gx8) eTT,14.00,11.00,14.00,11.00,12.60,— 0.00 %
2025-12-09 10:21:37,DDR4 16Gb (2Gx8)3200,60.00,24.50,60.00,24.50,47.125,▲ 0.53 %
2025-12-09 10:21:37,DDR4 16Gb (2Gx8) eTT,11.00,8.60,11.00,8.60,9.925,▲ 0.25 %
2025-12-09 10:21:37,DDR4 8Gb (1Gx8) 3200,25.00,9.20,25.00,9.20,17.064,— 0.00 %
2025-12-09 10:21:37,DDR4 8Gb (1Gx8) eTT,5.05,4.40,5.05,4.40,4.717,— 0.00 %
2025-12-09 10:21:37,DDR3 4Gb 512Mx8 1600/1866,4.20,2.80,4.20,2.80,3.576,— 0.00 %
2025-12-10 06:29:23,DDR5 16G (2Gx8) 4800/5600,35.00,19.50,35.00,19.50,26.233,▼ -0.38 %
2025-12-10 06:29:23,DDR5 16Gb (2Gx8) eTT,14.00,11.00,14.00,11.00,12.60,— 0.00 %
2025-12-10 06:29:23,DDR4 16Gb (2Gx8)3200,60.00,24.50,60.00,24.50,47.125,— 0.00 %
2025-12-10 06:29:23,DDR4 16Gb (2Gx8) eTT,11.00,8.60,11.00,8.60,9.95,▲ 0.25 %
2025-12-10 06:29:23,DDR4 8Gb (1Gx8) 3200,25.00,9.20,25.00,9.20,17.064,— 0.00 %
2025-12-10 06:29:23,DDR4 8Gb (1Gx8) eTT,5.05,4.45,5.05,4.45,4.717,— 0.00 %
2025-12-10 06:29:23,DDR3 4Gb 512Mx8 1600/1866,4.20,2.80,4.20,2.80,3.576,— 0.00 %
2025-12-10 10:21:34,DDR5 16G (2Gx8) 4800/5600,35.00,19.50,35.00,19.50,26.267,▼ -0.25 %
2025-12-10 10:21:34,DDR5 16Gb (2Gx8) eTT,14.00,11.00,14.00,11.00,12.60,— 0.00 %
2025-12-10 10:21:34,DDR4 16Gb (2Gx8)3200,62.00,24.50,62.00,25.00,47.875,▲ 1.59 %
2025-12-10 10:21:34,DDR4 16Gb (2Gx8) eTT,11.00,8.60,11.00,8.60,9.95,▲ 0.25 %
2025-12-10 10:21:34,DDR4 8Gb (1Gx8) 3200,25.00,9.20,25.00,9.20,17.246,▲ 1.07 %
2025-12-10 10:21:34,DDR4 8Gb (1Gx8) eTT,5.10,4.45,5.10,4.45,4.738,▲ 0.45 %
2025-12-10 10:21:34,DDR3 4Gb 512Mx8 1600/1866,4.20,2.80,4.20,2.80,3.576,— 0.00 %
2025-12-11 06:30:09,DDR5 16G (2Gx8) 4800/5600,35.00,19.50,35.00,19.50,26.267,— 0.00 %
2025-12-11 06:30:09,DDR5 16Gb (2Gx8) eTT,14.50,11.00,14.50,11.00,12.80,▲ 1.59 %
2025-12-11 06:30:09,DDR4 16Gb (2Gx8)3200,64.00,25.00,64.00,25.00,49.00,▲ 2.35 %
2025-12-11 06:30:09,DDR4 16Gb (2Gx8) eTT,11.00,8.60,11.00,8.60,10.00,▲ 0.50 %
2025-12-11 06:30:09,DDR4 8Gb (1Gx8) 3200,25.00,9.30,25.00,9.30,17.604,▲ 2.08 %
2025-12-11 06:30:09,DDR4 8Gb (1Gx8) eTT,5.30,4.50,5.30,4.50,4.80,▲ 1.31 %
2025-12-11 06:30:09,DDR3 4Gb 512Mx8 1600/1866,4.20,2.80,4.20,2.80,3.576,— 0.00 %
2025-12-11 10:22:09,DDR5 16G (2Gx8) 4800/5600,35.00,19.50,35.00,19.50,26.00,▼ -1.02 %
2025-12-11 10:22:09,DDR5 16Gb (2Gx8) eTT,14.50,11.00,14.50,11.00,12.80,▲ 1.59 %
2025-12-11 10:22:09,DDR4 16Gb (2Gx8)3200,64.00,25.00,64.00,25.00,49.00,▲ 2.35 %
2025-12-11 10:22:09,DDR4 16Gb (2Gx8) eTT,11.00,8.60,11.00,8.60,10.00,▲ 0.50 %
2025-12-11 10:22:09,DDR4 8Gb (1Gx8) 3200,27.00,9.30,27.00,9.30,17.80,▲ 3.21 %
2025-12-11 10:22:09,DDR4 8Gb (1Gx8) eTT,5.30,4.50,5.30,4.50,4.80,▲ 1.31 %
2025-12-11 10:22:09,DDR3 4Gb 512Mx8 1600/1866,4.20,2.80,4.20,2.80,3.576,— 0.00 %
2025-12-12 06:29:09,DDR5 16G (2Gx8) 4800/5600,35.00,19.50,35.00,19.50,26.00,— 0.00 %
2025-12-12 06:29:09,DDR5 16Gb (2Gx8) eTT,14.50,11.00,14.50,11.00,12.80,— 0.00 %
2025-12-12 06:29:09,DDR4 16Gb (2Gx8)3200,65.00,25.00,65.00,25.00,50.00,▲ 2.04 %
2025-12-12 06:29:09,DDR4 16Gb (2Gx8) eTT,11.00,8.60,11.00,8.60,10.075,▲ 0.75 %
2025-12-12 06:29:09,DDR4 8Gb (1Gx8) 3200,28.00,9.30,28.00,9.30,18.50,▲ 3.93 %
2025-12-12 06:29:09,DDR4 8Gb (1Gx8) eTT,5.50,4.50,5.50,4.50,4.863,▲ 1.31 %
2025-12-12 06:29:09,DDR3 4Gb 512Mx8 1600/1866,4.20,2.80,4.20,2.80,3.576,— 0.00 %
2025-12-12 10:20:20,DDR5 16G (2Gx8) 4800/5600,35.00,19.50,35.00,19.50,26.167,▲ 0.64 %
2025-12-12 10:20:20,DDR5 16Gb (2Gx8) eTT,14.60,11.00,14.60,11.50,13.00,▲ 1.56 %
2025-12-12 10:20:20,DDR4 16Gb (2Gx8)3200,65.00,25.00,65.00,25.00,50.125,▲ 2.30 %
2025-12-12 10:20:20,DDR4 16Gb (2Gx8) eTT,11.00,8.60,11.00,8.60,10.075,▲ 0.75 %
2025-12-12 10:20:20,DDR4 8Gb (1Gx8) 3200,30.00,9.30,30.00,9.30,18.60,▲ 4.49 %
2025-12-12 10:20:20,DDR4 8Gb (1Gx8) eTT,5.50,4.50,5.50,4.50,4.904,▲ 2.17 %
2025-12-12 10:20:20,DDR3 4Gb 512Mx8 1600/1866,4.20,2.80,4.20,2.80,3.576,— 0.00 %
2025-12-15 06:32:02,DDR5 16G (2Gx8) 4800/5600,35.00,19.50,35.00,19.50,26.267,▲ 0.38 %
2025-12-15 06:32:02,DDR5 16Gb (2Gx8) eTT,14.80,11.50,14.80,11.50,13.20,▲ 1.54 %
2025-12-15 06:32:02,DDR4 16Gb (2Gx8)3200,67.00,25.00,67.00,25.00,50.75,▲ 1.25 %
2025-12-15 06:32:02,DDR4 16Gb (2Gx8) eTT,11.20,8.80,11.20,8.80,10.125,▲ 0.50 %
2025-12-15 06:32:02,DDR4 8Gb (1Gx8) 3200,30.00,9.30,30.00,9.30,18.90,▲ 1.61 %
2025-12-15 06:32:02,DDR4 8Gb (1Gx8) eTT,5.50,4.55,5.50,4.55,4.954,▲ 1.02 %
2025-12-15 06:32:02,DDR3 4Gb 512Mx8 1600/1866,4.20,2.80,4.20,2.80,3.58,▲ 0.11 %
2025-12-15 10:23:11,DDR5 16G (2Gx8) 4800/5600,35.00,19.50,35.00,19.50,26.267,▲ 0.38 %
2025-12-15 10:23:11,DDR5 16Gb (2Gx8) eTT,14.80,11.50,14.80,11.50,13.20,▲ 1.54 %
2025-12-15 10:23:11,DDR4 16Gb (2Gx8)3200,67.00,25.00,67.00,25.00,50.75,▲ 1.25 %
2025-12-15 10:23:11,DDR4 16Gb (2Gx8) eTT,11.20,8.80,11.20,8.80,10.125,▲ 0.50 %
2025-12-15 10:23:11,DDR4 8Gb (1Gx8) 3200,30.00,9.30,30.00,9.30,19.00,▲ 2.15 %
2025-12-15 10:23:11,DDR4 8Gb (1Gx8) eTT,5.50,4.55,5.50,4.55,4.954,▲ 1.02 %
2025-12-15 10:23:11,DDR3 4Gb 512Mx8 1600/1866,4.20,2.80,4.20,2.85,3.59,▲ 0.39 %
2025-12-16 06:29:47,DDR5 16G (2Gx8) 4800/5600,35.00,19.50,35.00,19.50,26.267,— 0.00 %
2025-12-16 06:29:47,DDR5 16Gb (2Gx8) eTT,14.80,11.50,14.80,11.50,13.20,— 0.00 %
2025-12-16 06:29:47,DDR4 16Gb (2Gx8)3200,67.00,25.00,67.00,25.00,51.25,▲ 0.99 %
2025-12-16 06:29:47,DDR4 16Gb (2Gx8) eTT,11.20,8.80,11.20,8.80,10.175,▲ 0.49 %
2025-12-16 06:29:47,DDR4 8Gb (1Gx8) 3200,30.00,9.30,30.00,9.30,19.30,▲ 1.58 %
2025-12-16 06:29:47,DDR4 8Gb (1Gx8) eTT,5.50,4.55,5.50,4.55,4.963,▲ 0.18 %
2025-12-16 06:29:47,DDR3 4Gb 512Mx8 1600/1866,4.20,2.85,4.20,2.85,3.59,— 0.00 %
2025-12-16 10:22:03,DDR5 16G (2Gx8) 4800/5600,35.00,19.50,35.00,19.50,26.333,▲ 0.25 %
2025-12-16 10:22:03,DDR5 16Gb (2Gx8) eTT,14.80,11.50,14.80,11.50,13.30,▲ 0.76 %
2025-12-16 10:22:03,DDR4 16Gb (2Gx8)3200,67.00,25.00,67.00,25.00,51.25,▲ 0.99 %
2025-12-16 10:22:03,DDR4 16Gb (2Gx8) eTT,11.20,8.80,11.20,8.80,10.175,▲ 0.49 %
2025-12-16 10:22:03,DDR4 8Gb (1Gx8) 3200,31.00,9.30,31.00,9.30,19.40,▲ 2.11 %
2025-12-16 10:22:03,DDR4 8Gb (1Gx8) eTT,5.50,4.55,5.50,4.55,4.963,▲ 0.18 %
2025-12-16 10:22:03,DDR3 4Gb 512Mx8 1600/1866,4.20,2.85,4.20,2.85,3.59,— 0.00 %
2025-12-17 06:29:38,DDR5 16G (2Gx8) 4800/5600,34.50,19.60,34.50,19.60,26.333,— 0.00 %
2025-12-17 06:29:38,DDR5 16Gb (2Gx8) eTT,15.00,12.00,15.00,12.00,13.50,▲ 1.50 %
2025-12-17 06:29:38,DDR4 16Gb (2Gx8)3200,70.00,25.00,70.00,25.00,52.25,▲ 1.95 %
2025-12-17 06:29:38,DDR4 16Gb (2Gx8) eTT,11.30,9.00,11.30,9.00,10.25,▲ 0.74 %
2025-12-17 06:29:38,DDR4 8Gb (1Gx8) 3200,33.00,9.30,33.00,9.30,19.80,▲ 2.06 %
2025-12-17 06:29:38,DDR4 8Gb (1Gx8) eTT,5.50,4.60,5.50,4.60,5.033,▲ 1.41 %
2025-12-17 06:29:38,DDR3 4Gb 512Mx8 1600/1866,4.20,2.85,4.20,2.85,3.59,— 0.00 %
2025-12-17 10:21:36,DDR5 16G (2Gx8) 4800/5600,34.50,19.60,34.50,19.60,26.367,▲ 0.13 %
2025-12-17 10:21:36,DDR5 16Gb (2Gx8) eTT,15.00,12.00,15.00,12.00,13.50,▲ 1.50 %
2025-12-17 10:21:36,DDR4 16Gb (2Gx8)3200,70.00,25.00,70.00,25.00,52.375,▲ 2.20 %
2025-12-17 10:21:36,DDR4 16Gb (2Gx8) eTT,11.30,9.00,11.30,9.00,10.25,▲ 0.74 %
2025-12-17 10:21:36,DDR4 8Gb (1Gx8) 3200,33.00,9.30,33.00,9.30,19.86,▲ 2.37 %
2025-12-17 10:21:36,DDR4 8Gb (1Gx8) eTT,5.50,4.60,5.50,4.60,5.033,▲ 1.41 %
2025-12-17 10:21:36,DDR3 4Gb 512Mx8 1600/1866,4.30,2.85,4.30,2.85,3.593,▲ 0.08 %
